CP,Media_Comorbilidad,Num_Pacientes
24734.0,16.0,5
28931.0,14.0,1
47670.0,13.333333333333334,6
24275.0,12.0,2
24435.0,12.0,1
48910.0,11.0,1
49020.0,10.0,1
24139.0,10.0,1
24830.0,9.666666666666666,3
24791.0,9.5,2
24855.0,9.0,1
24430.0,9.0,1
24395.0,9.0,1
24152.0,8.428571428571429,7
24280.0,8.214285714285714,28
48002.0,8.0,1
24715.0,8.0,1
9400.0,8.0,1
24170.0,8.0,2
24144.0,8.0,1
24222.0,7.8,5
24154.0,7.666666666666667,3
24161.0,7.5,2
24820.0,7.0,1
3530.0,7.0,1
24012.0,7.0,1
48012.0,7.0,1
24730.0,7.0,2
24723.0,7.0,1
24600.0,6.904761904761905,21
24192.0,6.875,8
24356.0,6.833333333333333,6
24227.0,6.7272727272727275,11
49600.0,6.666666666666667,3
24393.0,6.625,8
24836.0,6.5,4
24684.0,6.5,2
24722.0,6.5,4
24920.0,6.4,5
24870.0,6.333333333333333,3
24234.0,6.305555555555555,36
24226.0,6.304347826086956,23
24360.0,6.25,4
24162.0,6.25,4
24324.0,6.2,5
24620.0,6.116666666666666,60
24220.0,6.066666666666666,15
24329.0,6.0,1
24281.0,6.0,2
49300.0,6.0,1
49332.0,6.0,1
20600.0,6.0,1
24885.0,6.0,1
24248.0,6.0,4
24142.0,6.0,1
24125.0,6.0,4
24328.0,6.0,1
33212.0,6.0,2
24357.0,6.0,2
24810.0,5.857142857142857,7
24198.0,5.836734693877551,98
24750.0,5.7190082644628095,121
24228.0,5.615384615384615,13
24358.0,5.5625,16
24120.0,5.5,2
24080.0,5.5,2
24122.0,5.5,4
24721.0,5.5,2
24100.0,5.5,2
24287.0,5.5,2
24398.0,5.333333333333333,6
24111.0,5.333333333333333,3
24767.0,5.181818181818182,11
24251.0,5.166666666666667,72
24240.0,5.133333333333334,15
24735.0,5.090909090909091,11
9003.0,5.0,1
24291.0,5.0,3
24153.0,5.0,2
24209.0,5.0,2
24273.0,5.0,3
24743.0,5.0,4
99000.0,5.0,1
24882.0,5.0,1
24540.0,5.0,2
24680.0,5.0,3
24670.0,5.0,1
24392.0,4.962962962962963,27
24300.0,4.8,5
24761.0,4.75,4
24237.0,4.75,8
24711.0,4.666666666666667,3
24197.0,4.636363636363637,11
24796.0,4.636363636363637,11
24320.0,4.5,14
24223.0,4.5,8
24930.0,4.5,2
24007.0,4.465753424657534,146
24210.0,4.462962962962963,54
24004.0,4.231884057971015,69
24700.0,4.225,80
24768.0,4.090909090909091,11
24002.0,4.041666666666667,72
24860.0,4.0,1
24838.0,4.0,1
24141.0,4.0,1
47013.0,4.0,1
24448.0,4.0,1
24648.0,4.0,2
24844.0,4.0,1
24003.0,4.0,38
47009.0,4.0,1
45005.0,4.0,1
34004.0,4.0,2
47000.0,4.0,2
24163.0,4.0,2
49310.0,4.0,1
24740.0,4.0,1
24172.0,4.0,3
24710.0,3.888888888888889,9
24763.0,3.875,8
24225.0,3.75,4
28000.0,3.75,4
24290.0,3.75,4
24008.0,3.71900826446281,242
24193.0,3.707692307692308,65
24174.0,3.6666666666666665,3
24011.0,3.6666666666666665,3
24746.0,3.6296296296296298,27
24006.0,3.617142857142857,175
24001.0,3.588235294117647,34
24764.0,3.5714285714285716,7
24858.0,3.5714285714285716,7
24288.0,3.5,2
24760.0,3.5,2
34000.0,3.5,2
8030.0,3.5,2
36800.0,3.5,2
24190.0,3.4347826086956523,23
24009.0,3.4166666666666665,120
24325.0,3.4,5
24252.0,3.4,10
24857.0,3.3333333333333335,3
24915.0,3.3333333333333335,3
24717.0,3.3333333333333335,3
24880.0,3.3333333333333335,3
24795.0,3.25,12
24196.0,3.142857142857143,14
24271.0,3.111111111111111,9
24010.0,3.042944785276074,163
24000.0,3.0408163265306123,98
24397.0,3.0,1
5512.0,3.0,1
24339.0,3.0,1
24394.0,3.0,2
24891.0,3.0,1
45593.0,3.0,1
34112.0,3.0,1
33210.0,3.0,1
33205.0,3.0,1
24940.0,3.0,5
24732.0,3.0,5
24649.0,3.0,2
24217.0,3.0,1
24250.0,3.0,1
24294.0,3.0,1
24347.0,3.0,2
49010.0,3.0,1
24391.0,3.0,13
48000.0,3.0,1
24239.0,3.0,1
24765.0,2.9166666666666665,12
24401.0,2.857142857142857,7
24350.0,2.857142857142857,7
24744.0,2.8333333333333335,6
24121.0,2.8125,16
24191.0,2.7241379310344827,58
24282.0,2.7142857142857144,7
24359.0,2.6666666666666665,9
24286.0,2.6666666666666665,3
24123.0,2.6666666666666665,9
24143.0,2.6666666666666665,3
24231.0,2.6666666666666665,6
24793.0,2.6666666666666665,3
33000.0,2.6666666666666665,3
24249.0,2.5,2
24410.0,2.5,2
28053.0,2.5,2
24492.0,2.3333333333333335,3
24640.0,2.3076923076923075,13
24270.0,2.3,10
24200.0,2.2857142857142856,21
24800.0,2.25,4
24272.0,2.25,8
24005.0,2.180451127819549,266
24195.0,2.1052631578947367,19
7248.0,2.0,1
24127.0,2.0,1
24130.0,2.0,1
24346.0,2.0,1
24718.0,2.0,1
53620.0,2.0,1
49690.0,2.0,1
36000.0,2.0,2
33727.0,2.0,1
53203.0,2.0,1
24837.0,2.0,1
34230.0,2.0,1
24110.0,2.0,1
24762.0,2.0,3
24442.0,2.0,1
24514.0,2.0,1
24794.0,2.0,2
24848.0,2.0,1
24850.0,1.8666666666666667,15
24400.0,1.8372093023255813,43
24344.0,1.6,5
24738.0,1.5,12
24402.0,1.5,2
24893.0,1.5,2
24311.0,1.5,2
5300.0,1.5,2
24293.0,1.5,2
24285.0,1.5,2
49622.0,1.5,2
9197.0,1.0,3
4740.0,1.0,1
47400.0,1.0,1
4022.0,1.0,1
24403.0,1.0,2
49019.0,1.0,1
24199.0,1.0,4
24343.0,1.0,1
42001.0,1.0,1
28028.0,1.0,1
24797.0,1.0,2
24650.0,1.0,1
24224.0,0.8,5
24420.0,0.8,5
24390.0,0.5333333333333333,15
24500.0,0.5,4
24330.0,0.5,2
8000.0,0.5,2
24404.0,0.3333333333333333,3
8830.0,0.0,1
5000.0,0.0,1
15160.0,0.0,1
49562.0,0.0,1
49023.0,0.0,1
24151.0,0.0,2
24316.0,0.0,1
24236.0,0.0,7
24219.0,0.0,6
47014.0,0.0,3
24560.0,0.0,1
24523.0,0.0,1
24412.0,0.0,1
24450.0,0.0,1
24429.0,0.0,1
24386.0,0.0,1
24892.0,0.0,1
32300.0,0.0,1
37000.0,0.0,1
35000.0,0.0,1
53276.0,0.0,1
